<?xml version="1.0" encoding="utf-8"?>
<example>
<description>
<english>Newton Raphson Solver</english>
<simplified_chinese>牛顿-拉夫逊迭代解方程</simplified_chinese>
<traditional_chinese>牛頓-拉夫遜迭代解方程</traditional_chinese>
<spanish>Método de Newton Raphson</spanish>
</description>
<application>
<applicationName></applicationName>
<applicationPkgName>com.cyzapps.NRMethod</applicationPkgName>
<applicationWorkingFolder>NRMethod</applicationWorkingFolder>
<applicationVersionStr>1.0.0.1707</applicationVersionStr>
<applicationVersionCode>1707</applicationVersionCode>
<functionInfo>
<name>  mfpexample :: newtonSolver </name>
<description>The entry function of this script is newtonSolver. It ues Newton Raphson method to solve expression expr based on variable var. Note that both expr and var are string based. The initial guess of var is 0, max number of steps is 50 and error tolerance is 10e-8. For example, newtonSolver("x**2+2*x-9", "x") returns 2.1622777. If there is no real result for var, this function throws an exception.
本脚本文件的入口函数是newtonSolver。这个函数用牛顿拉夫逊法解基于变量var的表达式expr。注意expr和var都是字符串。变量var的初始猜测值是0，错误容忍量是10e-8，计算步数最多50步。比如newtonSolver("x**2+2*x-9", "x")返回2.1622777。如果var没有实数解，则函数抛出异常。</description>
<includesOptionalParam>FALSE</includesOptionalParam>
<parameters>
<parameter>
<prompt>Please input expression that equals to 0: </prompt>
<isString>TRUE</isString>
<needsInput>TRUE</needsInput>
<defaultValue></defaultValue>
</parameter>
<parameter>
<prompt>Please input variable name: </prompt>
<isString>TRUE</isString>
<needsInput>TRUE</needsInput>
<defaultValue>x</defaultValue>
</parameter>
</parameters>
</functionInfo>
<helpInfo></helpInfo>
</application>
<sourceFiles>
<sourceFile>examples.mfps</sourceFile>
</sourceFiles>
<apkFile>newton.apk</apkFile>
<info>
<english>Using Newton Raphson method to solve expression expr based on variable var. Note that both expr and var are string based. The initial guess of var is 0, max number of steps is 50 and error tolerance is 10e-8. For example, newtonSolver("x**2+2*x-9", "x") returns 2.1622777. If there is no real result for var, this function throws an exception.</english>
<simplified_chinese>用牛顿拉夫逊法解基于变量var的表达式expr。注意expr和var都是字符串。变量var的初始猜测值是0，错误容忍量是10e-8，计算步数最多50步。比如newtonSolver("x**2+2*x-9", "x")  返回2.1622777。如果var没有实数解，则函数抛出异常。</simplified_chinese>
<traditional_chinese>用牛頓拉夫遜法解基於變數var的運算式expr。注意expr和var都是字串。變數var的初始猜測值是0，錯誤容忍量是10e-8，計算步數最多50步。比如newtonSolver("x**2+2*x-9", "x")返回2.1622777。如果var沒有實數解，則函數拋出異常。</traditional_chinese>
<spanish>Este ejemplo utiliza el método de Newton Raphson para resolver la expresión EXPR basada en variable VAR. Ambos EXPR y VAR están basados en cadena. La conjetura inicial de VAR es 0, el número máximo de pasos es 50 y la tolerancia de error es 10e-8. Por ejemplo, NEWTONSOLVER ("x ** 2 + 2 * x-9", "x") devuelve 2.1622777. Si no hay una solución real para VAR, esta función lanza excepción.</spanish>
</info>
</example>